{
	"prefix": "oo-ui-icon",
	"intro": "@import '../../../../src/styles/common.less';",
	"images": {
		"userAdd": {
			"file": {
				"ltr": "../wikimediaui/images/icons/userAdd-ltr.svg",
				"rtl": "../wikimediaui/images/icons/userAdd-rtl.svg"
			}
		},
		"userAnonymous": {
			"file": "../wikimediaui/images/icons/userAnonymous.svg"
		},
		"userAvatar": {
			"file": "../wikimediaui/images/icons/userAvatar.svg"
		},
		"userAvatarOutline": {
			"file": "../wikimediaui/images/icons/userAvatarOutline.svg"
		},
		"userGroup": {
			"file": {
				"ltr": "../wikimediaui/images/icons/userGroup-ltr.svg",
				"rtl": "../wikimediaui/images/icons/userGroup-rtl.svg"
			}
		},
		"userTalk": {
			"file": {
				"ltr": "../wikimediaui/images/icons/userTalk-ltr.svg",
				"rtl": "../wikimediaui/images/icons/userTalk-rtl.svg"
			}
		}
	}
}
