{
	"prefix": "oo-ui-icon",
	"intro": "@import '../../../../src/styles/common.less';",
	"images": {
		"bright": {
			"file": "../wikimediaui/images/icons/bright.svg"
		},
		"halfBright": {
			"file": {
				"ltr": "../wikimediaui/images/icons/halfBright-ltr.svg",
				"rtl": "../wikimediaui/images/icons/halfBright-rtl.svg"
			}
		},
		"notBright": {
			"file": "../wikimediaui/images/icons/notBright.svg"
		},
		"eye": {
			"file": "../wikimediaui/images/icons/eye.svg"
		},
		"eyeClosed": {
			"file": "../wikimediaui/images/icons/eyeClosed.svg"
		},
		"moon": {
			"file": "../wikimediaui/images/icons/moon.svg"
		},
		"largerText": {
			"file": "../wikimediaui/images/icons/largerText.svg"
		},
		"smallerText": {
			"file": "../wikimediaui/images/icons/smallerText.svg"
		},
		"visionSimulator": {
			"file": "../wikimediaui/images/icons/visionSimulator.svg"
		}
	}
}
