{
	"prefix": "oo-ui-icon",
	"intro": "@import '../../../../src/styles/common.less';",
	"images": {
		"arrowNext": {
			"file": {
				"ltr": "../wikimediaui/images/icons/arrowNext-ltr.svg",
				"rtl": "../wikimediaui/images/icons/arrowNext-rtl.svg"
			}
		},
		"arrowPrevious": {
			"file": {
				"ltr": "../wikimediaui/images/icons/arrowPrevious-ltr.svg",
				"rtl": "../wikimediaui/images/icons/arrowPrevious-rtl.svg"
			}
		},
		"collapse": {
			"file": "../wikimediaui/images/icons/collapse.svg"
		},
		"downTriangle": {
			"file": "../wikimediaui/images/icons/downTriangle.svg"
		},
		"draggable": {
			"file": "../wikimediaui/images/icons/draggable.svg"
		},
		"doubleChevronEnd": {
			"file": {
				"ltr": "../wikimediaui/images/icons/doubleChevronEnd-ltr.svg",
				"rtl": "../wikimediaui/images/icons/doubleChevronEnd-rtl.svg"
			}
		},
		"doubleChevronStart": {
			"file": {
				"ltr": "../wikimediaui/images/icons/doubleChevronStart-ltr.svg",
				"rtl": "../wikimediaui/images/icons/doubleChevronStart-rtl.svg"
			}
		},
		"expand": {
			"file": "../wikimediaui/images/icons/expand.svg"
		},
		"move": {
			"file": "../wikimediaui/images/icons/move.svg"
		},
		"next": {
			"file": {
				"ltr": "../wikimediaui/images/icons/next-ltr.svg",
				"rtl": "../wikimediaui/images/icons/next-rtl.svg"
			}
		},
		"previous": {
			"file": {
				"ltr": "../wikimediaui/images/icons/previous-ltr.svg",
				"rtl": "../wikimediaui/images/icons/previous-rtl.svg"
			}
		},
		"last": {
			"file": {
				"ltr": "../wikimediaui/images/icons/moveLast-ltr.svg",
				"rtl": "../wikimediaui/images/icons/moveLast-rtl.svg"
			}
		},
		"first": {
			"file": {
				"ltr": "../wikimediaui/images/icons/moveFirst-ltr.svg",
				"rtl": "../wikimediaui/images/icons/moveFirst-rtl.svg"
			}
		},
		"upTriangle": {
			"file": "../wikimediaui/images/icons/upTriangle.svg"
		}
	}
}
