{
	"prefix": "oo-ui-icon",
	"intro": "@import '../../../../src/styles/common.less';",
	"images": {
		"add": {
			"file": "../wikimediaui/images/icons/add.svg"
		},
		"browser": {
			"file": {
				"ltr": "../wikimediaui/images/icons/browser-ltr.svg",
				"rtl": "../wikimediaui/images/icons/browser-rtl.svg"
			}
		},
		"cancel": {
			"file": "../wikimediaui/images/icons/cancel.svg"
		},
		"check": {
			"file": "../wikimediaui/images/icons/check.svg"
		},
		"checkAll": {
			"file": "../wikimediaui/images/icons/checkAll.svg"
		},
		"clear": {
			"file": "../wikimediaui/images/icons/clear.svg"
		},
		"clock": {
			"file": "../wikimediaui/images/icons/clock.svg"
		},
		"close": {
			"file": "../wikimediaui/images/icons/close.svg"
		},
		"ellipsis": {
			"file": "../wikimediaui/images/icons/ellipsis.svg"
		},
		"feedback": {
			"file": {
				"ltr": "../wikimediaui/images/icons/feedback-ltr.svg",
				"rtl": "../wikimediaui/images/icons/feedback-rtl.svg"
			}
		},
		"funnel": {
			"file": {
				"ltr": "../wikimediaui/images/icons/funnel-ltr.svg",
				"rtl": "../wikimediaui/images/icons/funnel-rtl.svg"
			}
		},
		"heart": {
			"file": "../wikimediaui/images/icons/heart.svg"
		},
		"help": {
			"file": {
				"ltr": "../wikimediaui/images/icons/help-ltr.svg",
				"rtl": "../wikimediaui/images/icons/help-rtl.svg",
				"lang": {
					"he,yi": "../wikimediaui/images/icons/help-ltr.svg"
				}
			}
		},
		"helpNotice": {
			"file": {
				"ltr": "../wikimediaui/images/icons/helpNotice-ltr.svg",
				"rtl": "../wikimediaui/images/icons/helpNotice-rtl.svg",
				"lang": {
					"he,yi": "../wikimediaui/images/icons/helpNotice-ltr.svg"
				}
			}
		},
		"home": {
			"file": "../wikimediaui/images/icons/home.svg"
		},
		"key": {
			"file": "../wikimediaui/images/icons/key.svg"
		},
		"keyboard": {
			"file": "../wikimediaui/images/icons/keyboard.svg"
		},
		"lightbulb": {
			"file": "../wikimediaui/images/icons/lightbulb.svg"
		},
		"logIn": {
			"file": {
				"ltr": "../wikimediaui/images/icons/logIn-ltr.svg",
				"rtl": "../wikimediaui/images/icons/logIn-rtl.svg"
			}
		},
		"logOut": {
			"file": {
				"ltr": "../wikimediaui/images/icons/logOut-ltr.svg",
				"rtl": "../wikimediaui/images/icons/logOut-rtl.svg"
			}
		},
		"network": {
			"file": "../wikimediaui/images/icons/network.svg"
		},
		"networkOff": {
			"file": "../wikimediaui/images/icons/networkOff.svg"
		},
		"newWindow": {
			"file": {
				"ltr": "../wikimediaui/images/icons/newWindow-ltr.svg",
				"rtl": "../wikimediaui/images/icons/newWindow-rtl.svg"
			}
		},
		"pageSettings": {
			"file": "../wikimediaui/images/icons/pageSettings.svg"
		},
		"printer": {
			"file": "../wikimediaui/images/icons/printer.svg"
		},
		"reload": {
			"file": "../wikimediaui/images/icons/reload.svg"
		},
		"search": {
			"file": "../wikimediaui/images/icons/search.svg"
		},
		"settings": {
			"file": "../wikimediaui/images/icons/settings.svg"
		},
		"stopHand": {
			"file": "../wikimediaui/images/icons/stopHand.svg"
		},
		"subtract": {
			"file": "../wikimediaui/images/icons/subtract.svg"
		}
	}
}
