{
	"selectorWithoutVariant": ".oo-ui-icon-{name}",
	"selectorWithVariant": ".oo-ui-image-{variant}.oo-ui-icon-{name}",
	"intro": "@import '../../../../src/styles/common.less';",
	"variants": {
		"invert": {
			"color": "#fff",
			"global": true
		},
		"progressive": {
			"color": "#36c",
			"global": true
		},
		"destructive": {
			"color": "#d33"
		},
		"error": {
			"color": "#d33"
		},
		"warning": {
			"color": "#fc3"
		},
		"success": {
			"color": "#14866d"
		}
	},
	"images": {
		"book": {
			"file": {
				"ltr": "images/icons/book-ltr.svg",
				"rtl": "images/icons/book-rtl.svg"
			}
		},
		"journal": {
			"file": {
				"ltr": "images/icons/journal-ltr.svg",
				"rtl": "images/icons/journal-rtl.svg"
			}
		},
		"newspaper": {
			"file": {
				"ltr": "images/icons/newspaper-ltr.svg",
				"rtl": "images/icons/newspaper-rtl.svg"
			}
		},
		"reference": {
			"file": "images/icons/reference.svg"
		},
		"referenceExisting": {
			"file": {
				"ltr": "images/icons/referenceExisting-ltr.svg",
				"rtl": "images/icons/referenceExisting-rtl.svg"
			}
		},
		"references": {
			"file": {
				"ltr": "images/icons/references-ltr.svg",
				"rtl": "images/icons/references-rtl.svg"
			}
		}
	}
}
