{
	"selectorWithoutVariant": ".oo-ui-icon-{name}",
	"selectorWithVariant": ".oo-ui-image-{variant}.oo-ui-icon-{name}",
	"intro": "@import '../../../../src/styles/common.less';",
	"variants": {
		"invert": {
			"color": "#fff",
			"global": true
		},
		"progressive": {
			"color": "#36c",
			"global": true
		},
		"destructive": {
			"color": "#d33"
		},
		"error": {
			"color": "#d33"
		},
		"warning": {
			"color": "#fc3"
		},
		"success": {
			"color": "#14866d"
		}
	},
	"images": {
		"globe": {
			"file": "images/icons/globe.svg"
		},
		"map": {
			"file": {
				"ltr": "images/icons/map-ltr.svg",
				"rtl": "images/icons/map-rtl.svg"
			}
		},
		"mapPin": {
			"file": "images/icons/mapPin.svg"
		},
		"mapPinAdd": {
			"file": "images/icons/mapPinAdd.svg"
		},
		"mapTrail": {
			"file": "images/icons/mapTrail.svg"
		}
	}
}
