{
	"selectorWithoutVariant": ".oo-ui-icon-{name}",
	"selectorWithVariant": ".oo-ui-image-{variant}.oo-ui-icon-{name}",
	"intro": "@import '../../../../src/styles/common.less';",
	"variants": {
		"invert": {
			"color": "#fff",
			"global": true
		},
		"progressive": {
			"color": "#36c",
			"global": true
		},
		"destructive": {
			"color": "#d33"
		},
		"error": {
			"color": "#d33"
		},
		"warning": {
			"color": "#fc3"
		},
		"success": {
			"color": "#14866d"
		}
	},
	"images": {
		"indent": {
			"file": {
				"ltr": "images/icons/indent-ltr.svg",
				"rtl": "images/icons/indent-rtl.svg"
			}
		},
		"listBullet": {
			"file": {
				"ltr": "images/icons/listBullet-ltr.svg",
				"rtl": "images/icons/listBullet-rtl.svg"
			}
		},
		"listNumbered": {
			"file": {
				"ltr": "images/icons/listNumbered-ltr.svg",
				"rtl": "images/icons/listNumbered-rtl.svg"
			}
		},
		"outdent": {
			"file": {
				"ltr": "images/icons/outdent-ltr.svg",
				"rtl": "images/icons/outdent-rtl.svg"
			}
		}
	}
}
