{"batchcomplete":"","continue":{"rccontinue":"20210729061416|1407297255","continue":"-||"},"query":{"recentchanges":[{"type":"edit","ns":2,"title":"User:Homenoffice/GuyaMerkle","comment":"I've translated some infos."},{"type":"edit","ns":2,"title":"User:AmandaNP/UTRS Appeals","comment":"Bot: Updating UTRS appeal list"},{"type":"edit","ns":0,"title":"2000 United States presidential election","comment":""},{"type":"edit","ns":0,"title":"Police Commissioner of Delhi","comment":"/* Incumbent Police Commissioner */"},{"type":"edit","ns":2,"title":"User:MaccWiki","comment":""},{"type":"edit","ns":0,"title":"Basavaraj Bommai","comment":"/* Personal life */ Fixed typo"},{"type":"edit","ns":3,"title":"User talk:2605:6001:E053:D400:1514:1A0:3143:937C","comment":"Fixed [[WP:LINT|Lint errors]] in Huggle/warn-delete-1 template ([[Wikipedia:Bots/Requests for approval/MalnadachBot 3|Task 3]])"},{"type":"edit","ns":0,"title":"Henry Hu","comment":"I added image of  Henry Hu to this  article #WPWP #WPWPARK"},{"type":"edit","ns":0,"title":"Haplogroup P (Y-DNA)","comment":"P1, not P*"},{"type":"edit","ns":4,"title":"Wikipedia:WikiProject Articles for creation/July 2021 Backlog Drive/Participants/HighKing","comment":"add new reviews since last script run"},{"type":"edit","ns":2,"title":"User:ClueBot III/Master Detailed Indices/User talk:TheEpTic","comment":"Setting detailed index for [[User talk:TheEpTic]]. (BOT)"},{"type":"edit","ns":0,"title":"List of equipment of the Norwegian Army","comment":"/* Anti-tank weapons */"},{"type":"edit","ns":2,"title":"User:ClueBot III/Indices/User talk:TheEpTic","comment":"Setting index for [[User talk:TheEpTic]]. (BOT)"},{"type":"new","ns":3,"title":"User talk:216.67.116.141","comment":"General note: Removal of content, blanking on [[:Ruger SR-556]]."},{"type":"new","ns":2,"title":"User:ClueBot III/Detailed Indices/User talk:TheEpTic/Archives/2021/July","comment":"Updating detailed index for [[User talk:TheEpTic/Archives/2021/July]]. (BOT)"},{"type":"new","ns":3,"title":"User talk:2A02:C7E:607:C200:34E3:36FF:FE88:BA6B","comment":"Message related to your edit (level 1)"},{"type":"edit","ns":3,"title":"User talk:2605:6000:8B01:B00:C93:C669:1097:6557","comment":"Fixed [[WP:LINT|Lint errors]] in Huggle/warn-delete-1 template ([[Wikipedia:Bots/Requests for approval/MalnadachBot 3|Task 3]])"},{"type":"edit","ns":0,"title":"King's Advocate","comment":"Add: title. Changed bare reference to CS1/2. | [[WP:UCB|Use this bot]]. [[WP:DBUG|Report bugs]]. | Suggested by Abductive | #UCB_webform 1382/2200"},{"type":"edit","ns":0,"title":"Virginia Gardner","comment":"[[WP:ROLLBACK|Reverted]] edits by [[Special:Contributions/2A02:C7E:607:C200:34E3:36FF:FE88:BA6B|2A02:C7E:607:C200:34E3:36FF:FE88:BA6B]] ([[User talk:2A02:C7E:607:C200:34E3:36FF:FE88:BA6B|talk]]) to last revision by Teblick: not providing a [[WP:RS|reliable source]] ([[WP:CITE]], [[WP:RS]])"},{"type":"categorize","ns":14,"title":"Category:All uncategorized pages","comment":"[[:2021\u201322 1. FC Schweinfurt 05 season]] removed from category, [[Special:WhatLinksHere/2021\u201322 1. FC Schweinfurt 05 season|this page is included within other pages]]"},{"type":"categorize","ns":14,"title":"Category:Uncategorized from July 2021","comment":"[[:2021\u201322 1. FC Schweinfurt 05 season]] removed from category, [[Special:WhatLinksHere/2021\u201322 1. FC Schweinfurt 05 season|this page is included within other pages]]"},{"type":"categorize","ns":14,"title":"Category:German football clubs 2021\u201322 season","comment":"[[:2021\u201322 1. FC Schweinfurt 05 season]] added to category, [[Special:WhatLinksHere/2021\u201322 1. FC Schweinfurt 05 season|this page is included within other pages]]"},{"type":"categorize","ns":14,"title":"Category:1. FC Schweinfurt 05 seasons","comment":"[[:2021\u201322 1. FC Schweinfurt 05 season]] added to category, [[Special:WhatLinksHere/2021\u201322 1. FC Schweinfurt 05 season|this page is included within other pages]]"},{"type":"edit","ns":0,"title":"2021\u201322 1. FC Schweinfurt 05 season","comment":"Categories added"},{"type":"edit","ns":0,"title":"Donta railway station","comment":"address"},{"type":"edit","ns":0,"title":"C. Cyvette M. Gibson","comment":"brackets fixed"},{"type":"edit","ns":0,"title":"Ruger SR-556","comment":"Reverted 1 edit by [[Special:Contributions/216.67.116.141|216.67.116.141]] ([[User talk:216.67.116.141|talk]]) to last revision by Ominae"},{"type":"edit","ns":0,"title":"General Smyth","comment":"*[[Sir Thomas Smyth, 2nd Baronet]] (after 1657\u20131732), British Army brigadier general"},{"type":"edit","ns":0,"title":"South African Wars (1879\u20131915)","comment":"/* The Pioneer Column Invasion (1890) */ [[MOS:INOROUT]]."},{"type":"edit","ns":0,"title":"Meera Vasudevan","comment":"/* Television */"},{"type":"edit","ns":0,"title":"Dixon's elliptic functions","comment":"add addition formula"},{"type":"edit","ns":0,"title":"Aboudia","comment":""},{"type":"edit","ns":3,"title":"User talk:2605:6000:88DF:B700:9D01:669F:7D02:6E0F","comment":"Fixed [[WP:LINT|Lint errors]] in Huggle/warn-delete-1 template ([[Wikipedia:Bots/Requests for approval/MalnadachBot 3|Task 3]])"},{"type":"edit","ns":10,"title":"Template:Early modern Netherlandish cartography, geography and cosmography","comment":"generalized"},{"type":"edit","ns":0,"title":"Mark L. Mendoza","comment":""},{"type":"categorize","ns":14,"title":"Category:WikiProject Africa articles","comment":"[[:Talk:Souleymane Ciss\u00e9 (footballer, born 1990)]] added to category"},{"type":"categorize","ns":14,"title":"Category:WikiProject Senegal articles","comment":"[[:Talk:Souleymane Ciss\u00e9 (footballer, born 1990)]] added to category"},{"type":"categorize","ns":14,"title":"Category:Unknown-importance Senegal articles","comment":"[[:Talk:Souleymane Ciss\u00e9 (footballer, born 1990)]] added to category"},{"type":"categorize","ns":14,"title":"Category:Stub-Class Senegal articles","comment":"[[:Talk:Souleymane Ciss\u00e9 (footballer, born 1990)]] added to category"},{"type":"categorize","ns":14,"title":"Category:Unknown-importance Africa articles","comment":"[[:Talk:Souleymane Ciss\u00e9 (footballer, born 1990)]] added to category"},{"type":"categorize","ns":14,"title":"Category:Stub-Class Africa articles","comment":"[[:Talk:Souleymane Ciss\u00e9 (footballer, born 1990)]] added to category"},{"type":"categorize","ns":14,"title":"Category:WikiProject Football articles","comment":"[[:Talk:Souleymane Ciss\u00e9 (footballer, born 1990)]] added to category"},{"type":"categorize","ns":14,"title":"Category:Low-importance football articles","comment":"[[:Talk:Souleymane Ciss\u00e9 (footballer, born 1990)]] added to category"},{"type":"categorize","ns":14,"title":"Category:Stub-Class football articles","comment":"[[:Talk:Souleymane Ciss\u00e9 (footballer, born 1990)]] added to category"},{"type":"categorize","ns":14,"title":"Category:WikiProject Biography articles","comment":"[[:Talk:Souleymane Ciss\u00e9 (footballer, born 1990)]] added to category"},{"type":"categorize","ns":14,"title":"Category:Stub-Class biography articles","comment":"[[:Talk:Souleymane Ciss\u00e9 (footballer, born 1990)]] added to category"},{"type":"new","ns":1,"title":"Talk:Souleymane Ciss\u00e9 (footballer, born 1990)","comment":"Assessment (Stub): +banner shell, +Biography, +Football (Low), +Senegal ([[WP:RATER#2.6.2|Rater]])"},{"type":"edit","ns":4,"title":"Wikipedia:WikiProject Articles for creation/July 2021 Backlog Drive/Participants/Goldsztajn","comment":"add new reviews since last script run"},{"type":"edit","ns":0,"title":"France at the 2020 Summer Olympics","comment":"/* Fencing */"},{"type":"categorize","ns":14,"title":"Category:CS1 errors: dates","comment":"[[:Meezaan Jafri]] added to category, [[Special:WhatLinksHere/Meezaan Jafri|this page is included within other pages]]"},{"type":"new","ns":0,"title":"Meezaan Jafri","comment":"Page created"},{"type":"edit","ns":0,"title":"2021\u201322 CA Osasuna season","comment":"/* Players */ Updated the section."},{"type":"edit","ns":14,"title":"Category:Schools in Newton, Massachusetts","comment":"new key for [[Category:Schools in Middlesex County, Massachusetts]]: \"Newton\" using [[WP:HC|HotCat]]"},{"type":"edit","ns":0,"title":"Gong Jun","comment":""},{"type":"edit","ns":4,"title":"Wikipedia:Articles for deletion/Glasnost The Game","comment":"/* Merge? */ Replying to AfD nomination by Slimy asparagus (using [[w:en:User:Enterprisey/reply-link|reply-link]])"},{"type":"edit","ns":3,"title":"User talk:2604:2D80:8405:C421:2411:7A52:B8A9:4680","comment":"Fixed [[WP:LINT|Lint errors]] in Huggle/warn-delete-1 template ([[Wikipedia:Bots/Requests for approval/MalnadachBot 3|Task 3]])"},{"type":"edit","ns":0,"title":"Torches of Freedom","comment":"lx"},{"type":"edit","ns":0,"title":"Climate Investment Funds","comment":"Add: title. Changed bare reference to CS1/2. | [[WP:UCB|Use this bot]]. [[WP:DBUG|Report bugs]]. | Suggested by BrownHairedGirl | Linked from User:BrownHairedGirl/Articles_with_bare_links | #UCB_webform_linked 380/2191"},{"type":"log","ns":2,"title":"User:Daishiro Takeshima","comment":""},{"type":"edit","ns":2,"title":"User:WQUlrich/sandbox","comment":"/* Selected paintings */"},{"type":"edit","ns":118,"title":"Draft:Siddeek Ahmed","comment":"/* ERAM */"},{"type":"edit","ns":0,"title":"Groove Phi Groove","comment":"more accurate linking"},{"type":"edit","ns":0,"title":"BRP Teresa Magbanua (MRRV-9701)","comment":"Would at least wait for this since the ship has just launched"},{"type":"edit","ns":0,"title":"Peter Zorn","comment":"I added the image of Peter Zorn to this article  #WPWP #WPWPARK"},{"type":"edit","ns":0,"title":"Cambridge House","comment":"Add: date, title. Changed bare reference to CS1/2. | [[WP:UCB|Use this bot]]. [[WP:DBUG|Report bugs]]. | Suggested by Abductive | #UCB_webform 1380/2200"},{"type":"edit","ns":0,"title":"Virginia Gardner","comment":"By updating who her spouse is"},{"type":"edit","ns":0,"title":"San Marino at the 2020 Summer Olympics","comment":""},{"type":"edit","ns":2,"title":"User:Arielinson/Avner Yashar","comment":"/* Architectural Ideology */"},{"type":"edit","ns":3,"title":"User talk:2604:2000:F962:6D00:5137:4F0F:65DA:1AE6","comment":"Fixed [[WP:LINT|Lint errors]] in Huggle/warn-delete-1 template ([[Wikipedia:Bots/Requests for approval/MalnadachBot 3|Task 3]])"},{"type":"edit","ns":2,"title":"User:Yankees10/Created Articles","comment":"/* Re-directs */"},{"type":"edit","ns":2,"title":"User:G\u00fcn\u0131\u015f\u0131\u011f\u01317/sandbox","comment":""},{"type":"edit","ns":4,"title":"Wikipedia:WikiProject Articles for creation/July 2021 Backlog Drive/Participants/Extraordinary Writ","comment":"add new reviews since last script run"},{"type":"edit","ns":10,"title":"Template:COVID-19 pandemic data/United States/South Dakota medical cases chart","comment":"show more days"},{"type":"edit","ns":3,"title":"User talk:Doric Loon","comment":"/* Jon Moses */ typos"},{"type":"edit","ns":14,"title":"Category:Schools in Malden, Massachusetts","comment":"new key for [[Category:Schools in Middlesex County, Massachusetts]]: \"Malden\" using [[WP:HC|HotCat]]"},{"type":"categorize","ns":14,"title":"Category:Pages with broken reference names","comment":"[[:List of municipal corporations in Tamil Nadu]] removed from category, [[Special:WhatLinksHere/List of municipal corporations in Tamil Nadu|this page is included within other pages]]"},{"type":"categorize","ns":14,"title":"Category:Pages with reference errors","comment":"[[:List of municipal corporations in Tamil Nadu]] removed from category, [[Special:WhatLinksHere/List of municipal corporations in Tamil Nadu|this page is included within other pages]]"},{"type":"edit","ns":0,"title":"List of municipal corporations in Tamil Nadu","comment":"Rescuing orphaned refs (\"kovai\" from rev 1027999914)"},{"type":"edit","ns":0,"title":"Reserection","comment":""},{"type":"edit","ns":0,"title":"Megaera","comment":"/* Modern portrayals */"},{"type":"edit","ns":0,"title":"Clarifier","comment":"/* Operation */"},{"type":"edit","ns":0,"title":"Souleymane Ciss\u00e9 (footballer, born 1990)","comment":"Filled in 2 bare reference(s) with reFill 2"},{"type":"edit","ns":0,"title":"Lin Yun-ju","comment":""},{"type":"categorize","ns":14,"title":"Category:CS1 errors: unsupported parameter","comment":"[[:Myanmar Army]] added to category, [[Special:WhatLinksHere/Myanmar Army|this page is included within other pages]]"},{"type":"edit","ns":0,"title":"Myanmar Army","comment":"full words."},{"type":"edit","ns":0,"title":"Fahd bin Sultan Al Saud","comment":"/* External links */"},{"type":"edit","ns":10,"title":"Template:2020 Summer Olympics","comment":"no need for collapsing"},{"type":"edit","ns":1,"title":"Talk:USS Thresher (SSN-593)","comment":""},{"type":"categorize","ns":14,"title":"Category:Articles containing potentially dated statements from 2020","comment":"[[:2 nm process]] removed from category, [[Special:WhatLinksHere/2 nm process|this page is included within other pages]]"},{"type":"categorize","ns":14,"title":"Category:Articles containing potentially dated statements from 2021","comment":"[[:2 nm process]] added to category, [[Special:WhatLinksHere/2 nm process|this page is included within other pages]]"},{"type":"edit","ns":0,"title":"2 nm process","comment":""},{"type":"edit","ns":2,"title":"User:Olivetree66/sandbox","comment":""},{"type":"categorize","ns":14,"title":"Category:AfC submissions by date/29 July 2021","comment":"[[:User:EddyH8523/sandbox/User:EddyH8523]] added to category, [[Special:WhatLinksHere/User:EddyH8523/sandbox/User:EddyH8523|this page is included within other pages]]"},{"type":"categorize","ns":14,"title":"Category:Pending AfC submissions in userspace","comment":"[[:User:EddyH8523/sandbox/User:EddyH8523]] added to category, [[Special:WhatLinksHere/User:EddyH8523/sandbox/User:EddyH8523|this page is included within other pages]]"},{"type":"categorize","ns":14,"title":"Category:AfC pending submissions by age/0 days ago","comment":"[[:User:EddyH8523/sandbox/User:EddyH8523]] added to category, [[Special:WhatLinksHere/User:EddyH8523/sandbox/User:EddyH8523|this page is included within other pages]]"},{"type":"categorize","ns":14,"title":"Category:Pending AfC submissions","comment":"[[:User:EddyH8523/sandbox/User:EddyH8523]] added to category, [[Special:WhatLinksHere/User:EddyH8523/sandbox/User:EddyH8523|this page is included within other pages]]"},{"type":"categorize","ns":14,"title":"Category:Noindexed pages","comment":"[[:User:EddyH8523/sandbox/User:EddyH8523]] added to category, [[Special:WhatLinksHere/User:EddyH8523/sandbox/User:EddyH8523|this page is included within other pages]]"},{"type":"edit","ns":2,"title":"User:EddyH8523/sandbox/User:EddyH8523","comment":""},{"type":"edit","ns":0,"title":"Endometriosis and infertility","comment":"/* Management */ simplify section heading"},{"type":"edit","ns":3,"title":"User talk:2602:30A:2E7A:4B00:F8FC:F9C0:832F:C3EE","comment":"Fixed [[WP:LINT|Lint errors]] in Huggle/warn-delete-1 template ([[Wikipedia:Bots/Requests for approval/MalnadachBot 3|Task 3]])"}]}}