<?xml version="1.0"?>
<ruleset>
	<rule ref="./vendor/mediawiki/mediawiki-codesniffer/MediaWiki">
		<exclude name="MediaWiki.Commenting.FunctionComment.MissingDocumentationProtected" />
		<exclude name="MediaWiki.Commenting.FunctionComment.MissingDocumentationPublic" />
		<exclude name="MediaWiki.Commenting.FunctionComment.MissingParamTag" />
		<exclude name="MediaWiki.Commenting.FunctionComment.MissingReturn" />
		<exclude name="MediaWiki.Commenting.PropertyDocumentation.MissingDocumentationPrivate" />
		<exclude name="MediaWiki.Commenting.PropertyDocumentation.MissingDocumentationProtected" />
		<exclude name="MediaWiki.Commenting.PropertyDocumentation.MissingVar" />
		<exclude name="MediaWiki.NamingConventions.ValidGlobalName.allowedPrefix" />
		<exclude name="MediaWiki.Usage.DeprecatedGlobalVariables.Deprecated$wgTitle" />
		<exclude name="MediaWiki.Usage.ExtendClassUsage.FunctionConfigUsage" />
	</rule>
	<file>.</file>
	<arg name="extensions" value="php"/>
	<arg name="encoding" value="UTF-8"/>
</ruleset>
